"","Observed","Chao1","se.chao1","ACE","se.ACE","Shannon","Simpson","InvSimpson","Fisher","Pielou","Coverage"
"hera11",134,205.75,31.0972239680403,191.227158385137,7.30986891100216,2.9218195056204,0.857361376766772,7.01072386519674,23.5126846605395,0.596552689544824,0.993997427468915
"hera14",126,195.461538461538,29.5192529009433,185.774367782542,7.22875856911113,2.62303532771358,0.825975620799078,5.74632131768985,21.8251982055691,0.542366094073908,0.993853630646083
"hera17",130,154.473684210526,11.5841743957826,165.128391304348,6.78702447939378,2.89648019569821,0.869153523138366,7.6425443312277,22.6714583040557,0.595061057128648,0.995563823697768
"hera24",96,106.058823529412,6.17647673807821,113.187563434457,5.45643488100672,2.81156148109892,0.887652571428571,8.90096028645833,15.7381670809161,0.615983129059828,0.997285714285714
"hera44",153,198.315789473684,18.6552554216029,194.683066488765,7.0047963331957,2.91610705076354,0.863088503566024,7.30398853307572,27.6293650666815,0.579692483304983,0.993993135011442
"hera45",161,374.875,91.484318698302,244.934960548164,8.60485144184868,3.36113170048057,0.928805558143029,14.0460403075987,29.3965278022962,0.661457238798363,0.99157022431776
"hera58",146,178.217391304348,13.5879734327689,183.57765993266,6.80167749042931,2.76668223339916,0.847350517397038,6.55095571205425,26.0950614123614,0.555156625193416,0.994424588992137
"hera67",115,155.071428571429,18.4700319688518,152.120090075179,6.42692326378032,2.72620910088035,0.875495919742459,8.03186528450684,19.5460678839143,0.574551759040808,0.995142163166167
