"Taxa"	"wolverine14"	"wolverine17"	"wolverine37"	"wolverine44"	"wolverine49"	"wolverine57"	"wolverine58"	"wolverine60"	"wolverine70"
"Metabolism"	0.730896330131431	0.751974788855931	0.740934723006299	0.730649616460693	0.730953905057299	0.730803609942642	0.741334899049384	0.737877936278119	0.725688248365232
"Environmental Information Processing"	0.130007508250512	0.112673054254926	0.121374779813584	0.113549896015684	0.117833643099774	0.126525576862318	0.121378961396008	0.111032270660608	0.116296299642596
"Cellular Processes"	0.0579177964972288	0.0515586069605683	0.0542165793350982	0.0648653475194541	0.0632733766425987	0.0595892018727929	0.054791621819893	0.0616257937127456	0.0667581421138963
"Genetic Information Processing"	0.047291266802259	0.0497179478914523	0.0500487580872609	0.0515300903215045	0.0501061570911601	0.0433078368002262	0.0468283849787211	0.051982609273021	0.0518408160467579
"Human Diseases"	0.0242372780475894	0.0242887169519781	0.0240646085401721	0.0282565106838745	0.0272843308705843	0.0301009903340616	0.0265621292609832	0.0271739624087426	0.0276742422332767
"Organismal Systems"	0.00964982027098039	0.00978688508514391	0.00936055121758607	0.0111485389987893	0.0105485872385845	0.00967278418795959	0.00910400349501144	0.0103074276667631	0.011742251598241
