"","Observed","Chao1","se.chao1","ACE","se.ACE","Shannon","Simpson","InvSimpson","Fisher","Pielou","Coverage"
"charles41",85,209,70.6090557646883,142.235853605084,6.22729050240546,3.00883263628082,0.928397604310437,13.9660131531851,13.6186158275637,0.677260595660123,0.995416129494342
"charles46",117,148,14.5355268335686,145.589351308332,6.04011298940942,2.41054678892361,0.839802615339198,6.2422991618582,19.9574122507727,0.506186212836425,0.995426611404888
"charles49",84,107,12.7615208581667,107.282659803943,5.23849006089457,1.7926609975749,0.690669186853542,3.23278495869253,13.4288848339535,0.404589284315,0.996704398911019
"charles50",115,183.333333333333,29.8620782260585,170.543052744337,7.18901607305875,2.77759976127758,0.893545547953429,9.39368885730143,19.5483485920493,0.58538240087234,0.994138670478913
"charles51",144,208.473684210526,24.7184986007053,212.987643675813,7.91549678650241,3.11246785294913,0.916868938049656,12.0291979500674,25.6648963395589,0.626274603356764,0.992846924177396
"charles55",99,104.25,3.79995991672347,110.881591509083,5.28127690595907,2.88789535680916,0.895520620268636,9.57126662286072,16.3287556833554,0.628470083696418,0.997856836690956
"charles57",126,184.583333333333,26.2986278252167,166.112000749169,6.68967359627663,2.8377463871228,0.887013329894945,8.85060157158539,21.8291074325024,0.586761988180204,0.994563662374821
