"","Observed","Chao1","se.chao1","ACE","se.ACE","Shannon","Simpson","InvSimpson","Fisher","Pielou","Coverage"
"joans14",42,49.2,6.43374753289816,50.029296875,3.48229926966202,1.64898908974292,0.695095993813861,3.27972076362131,5.94454251001016,0.441181072205163,0.998705594707321
"joans21",98,111.04347826087,6.96240041730635,122.979399279421,5.77871817905544,2.21746855952123,0.803555183673469,5.09048810093212,16.13111429914,0.483638885081948,0.996428571428571
"joans29",98,131.066666666667,15.5608188043972,144.829794614182,6.71803789892095,2.30655634172819,0.823294062503348,5.65911940575819,16.1338328207546,0.50306929164893,0.995424649699743
"joans41",152,195.05,17.6597150976048,194.163824435012,7.14144112711569,3.19035609841487,0.914649622084277,11.7164097502583,27.4110834149195,0.635038211035609,0.993991416309013
"joans44",121,251.666666666667,56.9100224675342,213.808929007516,8.14883516737852,2.72695372411254,0.875648738912164,8.04173589597652,20.7817709653344,0.568614016434953,0.992998999857122
"joans49",98,728,213.124866665551,154.026596174314,6.82124330244802,2.74970346240894,0.88335179677149,8.5727852836364,16.1315671549007,0.599721475713983,0.994856408058294
"joans51",112,127.333333333333,8.28001862364122,132.191630354167,5.89818065439028,2.8867571684595,0.883758855684872,8.60280588161636,18.9368243640918,0.611795667902146,0.996568487274807
"joans56",80,95.8333333333333,9.36737657480773,103.307333537742,5.05460371881329,2.57306496358363,0.860964167713577,7.19239050506012,12.6663401679729,0.587186062089083,0.997141223556318
"joans57",84,115.5,15.9443097124142,130.0143729788,6.86033718742171,2.37017236569128,0.814822367346939,5.40022024081896,13.4212295063106,0.534928992394816,0.996
