"","Observed","Chao1","se.chao1","ACE","se.ACE","Shannon","Simpson","InvSimpson","Fisher","Pielou","Coverage"
"ophelia19",101,111.461538461538,6.75275519383855,112.010707281732,5.15097115115579,2.766978836493,0.861767391289908,7.2341830869824,16.7264297666877,0.5995463880945,0.997569692637598
"ophelia37",132,165.681818181818,14.2234558988255,178.819396724609,7.06261614353733,2.67374921987107,0.844743944043274,6.44097258453304,23.0916698175373,0.547585026438019,0.994422196796339
"ophelia43",115,151.142857142857,20.8187361050388,136.409873623987,5.78700927635459,3.14675908512461,0.899652902877293,9.96541034741821,19.5460678839143,0.663183160474431,0.996713816259466
"ophelia45",185,295.55,37.8366650238731,289.534228409627,9.27919349944015,3.32678835172062,0.916832185626068,12.0238821655682,34.8767318089286,0.637272336061634,0.990405269941286
"ophelia48",172,189.5,7.79566888716543,203.835526315789,7.13265580589991,3.39545833294885,0.916236527590865,11.9383780452128,31.8810139043683,0.659633215391189,0.994851258581236
"ophelia49",160,215.647058823529,22.6954078603522,207.775406893675,7.4722097569129,3.33677761580443,0.912757704692497,11.4623302433217,29.1791041634519,0.657470608354071,0.993707993707994
"ophelia55",169,263.714285714286,37.3241516709601,234.501013544979,7.960272647824,3.46061242082336,0.93249344312081,14.8133758590236,31.1967622444021,0.674596636919225,0.992567181246427
"ophelia57",129,162,15.0088863990147,176.831738826971,7.07996960177284,3.38393231035862,0.938847036364541,16.3524372418176,22.4578758528406,0.696309245871621,0.995137299771167
"ophelia59",173,222.038461538462,18.1751421349767,240.360512610299,8.35964077173455,3.6740720973319,0.954473053446333,21.9650135952165,32.1168221414729,0.712956375543497,0.992697594501718
