"Taxa"	"lambchop17"	"lambchop18"	"lambchop25"	"lambchop37"	"lambchop44"	"lambchop46"	"lambchop48"	"lambchop50"	"lambchop55"	"lambchop70"
"Metabolism"	0.73346262381768	0.749774059700427	0.763637193638234	0.727253038618174	0.75431468175379	0.747809214151901	0.756665684208233	0.755703833315236	0.75695098816677	0.741236026649418
"Environmental Information Processing"	0.125755091523407	0.109825608346511	0.09207466473765	0.123330216524862	0.09791949073399	0.0917150404487773	0.103850128833838	0.0945094006152197	0.0807526662889276	0.0796817005688504
"Genetic Information Processing"	0.0401180539261288	0.0472956940553504	0.0600644144124213	0.0505030256902308	0.0605070923182294	0.0617434429323909	0.0541627256237529	0.0603287211484004	0.0670890984143525	0.0694920615162879
"Cellular Processes"	0.0577276299499772	0.0543972039181569	0.0471712099087052	0.0617628655715974	0.0500018691202655	0.0579539666071719	0.0506367727133417	0.0515475033216697	0.0516605791432621	0.0614560027245825
"Human Diseases"	0.0335148186744465	0.0292241788003835	0.0266641509783135	0.0268051266524978	0.0264346000885704	0.0287312750896349	0.0249962492127262	0.0270221906935954	0.0299504804607125	0.0328368329756602
"Organismal Systems"	0.00942178210836004	0.00948325517917189	0.0103883663246756	0.010345726942637	0.0108222659851551	0.0120470607701244	0.00968843940810769	0.0108883509058788	0.0135961875259748	0.0152973755652008
