"","Observed","Chao1","se.chao1","ACE","se.ACE","Shannon","Simpson","InvSimpson","Fisher","Pielou","Coverage"
"grogu22",64,103.428571428571,22.3552492358951,100.335514858019,5.15574286274127,0.974110097242338,0.355367020408163,1.55127030676149,9.7260914306077,0.234223967761898,0.996571428571429
"grogu36",97,140.588235294118,18.673611414425,175.140526331288,7.78694069361563,1.29464385152227,0.438617714285714,1.78131734015731,15.9344037829937,0.283000140906347,0.994428571428571
"grogu37",70,80.5555555555556,6.31329446577196,92.4108929555407,4.92133112322428,0.713230710205326,0.222716612244898,1.28653206250571,10.81148394786,0.167878429789951,0.997142857142857
"grogu41",104,156.928571428571,23.0977248618614,162.542263619373,7.23315264870641,1.43751130902795,0.463012129435247,1.86223945607616,17.3226744940779,0.309515572708082,0.994426182649707
"grogu45",116,151.285714285714,14.9261631594628,168.762121646411,7.31687699091859,2.86388488192121,0.898682093056521,9.86992359166933,19.7520929447139,0.602467769998209,0.994426182649707
"grogu50",66,76,6.65610457175783,84.4596733884297,4.87510826490345,1.49624584893437,0.541663346938775,2.18180237893045,10.0855822575984,0.357128675526776,0.997714285714286
"grogu56",68,77.5454545454545,6.56572632431682,79.5965487957067,4.27980348987578,1.10822558604375,0.377524816326531,1.60648974646444,10.4473922476858,0.262643337440594,0.997857142857143
"grogu70",84,100.866666666667,9.28883551680707,109.198958333333,5.39171156762836,1.31332892340872,0.461279948122322,1.85625167749846,13.4215933096542,0.296407859551217,0.996713816259466
