"","Observed","Chao1","se.chao1","ACE","se.ACE","Shannon","Simpson","InvSimpson","Fisher","Pielou","Coverage"
"ivy24",170,211.4,16.1107130298794,222.65793888835,7.722736421766,3.4232161638463,0.924440198781923,13.2345504339516,31.4403556599536,0.666540209045358,0.993408797822038
"ivy29",97,120.076923076923,12.2320371031029,126.27445597259,5.98774485255215,2.49494071089724,0.814124957862962,5.3799584306899,15.9348500554736,0.545376685570082,0.996428061151593
"ivy36",137,186.789473684211,20.0985976349287,191.919314250355,7.30213277987311,2.99108898836248,0.87335735154983,7.89623410626529,24.1554228720735,0.607947273262858,0.993707993707994
"ivy44",168,257.375,29.9971005051849,265.479328007805,8.89500118276077,3.16108147492259,0.917582994973132,12.1334183361067,30.9777584608093,0.616921096172641,0.990556588925454
"ivy46",119,164,20.2648029518167,169.687523298945,7.28751562568589,2.9706497415208,0.900476443643188,10.0478724495616,20.3687478810481,0.621588821842037,0.994855673049443
"ivy47",102,153,24.1050177859502,152.831019992472,6.68659664536745,2.84820393684339,0.894769671033159,9.50296373505693,16.9231262964261,0.615831498222546,0.995142163166167
"ivy70",112,141.25,15.0395310128436,142.628458498024,6.05547784951684,3.10134472281749,0.90662115950278,10.7090642234926,18.9362752618989,0.657273596415264,0.99614010007148
